INSERT INTO grain_type (id, name, gost_name, sort) VALUES (1, 'Кукуруза кормовая', 'ГОСТ Р 53903-2010', 'Fodder');
INSERT INTO grain_type (id, name, gost_name, sort) VALUES (2, 'Кукуруза', 'ГОСТ 13634-90', 'Food');

INSERT INTO part (id, name) VALUES (1, 'Минеральная примесь                                                                                                                                                                                                                                             ');
INSERT INTO part (id, name) VALUES (2, 'Органическая примесь                                                                                                                                                                                                                                            ');
INSERT INTO part (id, name) VALUES (3, 'Сорная примесь                                                                                                                                                                                                                                                  ');
INSERT INTO part (id, name) VALUES (4, 'Испорченные зерна                                                                                                                                                                                                                                               ');
INSERT INTO part (id, name) VALUES (5, 'Проход 1.0/1.5                                                                                                                                                                                                                                                  ');
INSERT INTO part (id, name) VALUES (6, 'Галька                                                                                                                                                                                                                                                          ');
INSERT INTO part (id, name) VALUES (7, 'Овсюг                                                                                                                                                                                                                                                           ');
INSERT INTO part (id, name) VALUES (8, 'Овес                                                                                                                                                                                                                                                            ');
INSERT INTO part (id, name) VALUES (9, 'Спорынья                                                                                                                                                                                                                                                        ');
INSERT INTO part (id, name) VALUES (10, 'Головня                                                                                                                                                                                                                                                         ');
INSERT INTO part (id, name) VALUES (11, 'Битые зерна                                                                                                                                                                                                                                                     ');
INSERT INTO part (id, name) VALUES (12, 'Изъеденные зерна                                                                                                                                                                                                                                                ');
INSERT INTO part (id, name) VALUES (13, 'Щуплые зерна                                                                                                                                                                                                                                                    ');
INSERT INTO part (id, name) VALUES (14, 'Проросшие зерна                                                                                                                                                                                                                                                 ');
INSERT INTO part (id, name) VALUES (15, 'Поврежденных зерен                                                                                                                                                                                                                                              ');
INSERT INTO part (id, name) VALUES (16, 'Давленных зерен                                                                                                                                                                                                                                                 ');
INSERT INTO part (id, name) VALUES (17, 'Обрушенных зерен                                                                                                                                                                                                                                                ');
INSERT INTO part (id, name) VALUES (18, 'Зеленых                                                                                                                                                                                                                                                         ');
INSERT INTO part (id, name) VALUES (19, 'Проход                                                                                                                                                                                                                                                          ');
INSERT INTO part (id, name) VALUES (20, 'Пшеница                                                                                                                                                                                                                                                         ');
INSERT INTO part (id, name) VALUES (21, 'Кукуруза                                                                                                                                                                                                                                                        ');
INSERT INTO part (id, name) VALUES (22, 'Рожь                                                                                                                                                                                                                                                            ');
INSERT INTO part (id, name) VALUES (23, 'Овес                                                                                                                                                                                                                                                            ');
INSERT INTO part (id, name) VALUES (24, 'Ячмень                                                                                                                                                                                                                                                          ');

INSERT INTO impurity_parameter (id, name) VALUES (1, 'Сорная примесь');
INSERT INTO impurity_parameter (id, name) VALUES (2, 'Зерновая примесь');

INSERT INTO grain_classification (id, moisture, grain_impurity, volatiles_impurity, type, subtype, grain_type_id) VALUES (1, 14, 5, 3, 1, 0, 1);
INSERT INTO grain_classification (id, moisture, grain_impurity, volatiles_impurity, type, subtype, grain_type_id) VALUES (2, 14, 10, 4, 2, 0, 1);
INSERT INTO grain_classification (id, moisture, grain_impurity, volatiles_impurity, type, subtype, grain_type_id) VALUES (3, 14, 15, 5, 3, 0, 1);
INSERT INTO grain_classification (id, moisture, grain_impurity, volatiles_impurity, type, subtype, grain_type_id) VALUES (4, 25, 5, 5, 1, 1, 2);
INSERT INTO grain_classification (id, moisture, grain_impurity, volatiles_impurity, type, subtype, grain_type_id) VALUES (5, 25, 5, 5, 1, 2, 2);
INSERT INTO grain_classification (id, moisture, grain_impurity, volatiles_impurity, type, subtype, grain_type_id) VALUES (6, 25, 5, 5, 1, 5, 2);
INSERT INTO grain_classification (id, moisture, grain_impurity, volatiles_impurity, type, subtype, grain_type_id) VALUES (7, 25, 5, 5, 1, 6, 2);
INSERT INTO grain_classification (id, moisture, grain_impurity, volatiles_impurity, type, subtype, grain_type_id) VALUES (8, 25, 5, 10, 2, 1, 2);
INSERT INTO grain_classification (id, moisture, grain_impurity, volatiles_impurity, type, subtype, grain_type_id) VALUES (9, 25, 5, 10, 2, 2, 2);
INSERT INTO grain_classification (id, moisture, grain_impurity, volatiles_impurity, type, subtype, grain_type_id) VALUES (10, 25, 5, 10, 2, 3, 2);
INSERT INTO grain_classification (id, moisture, grain_impurity, volatiles_impurity, type, subtype, grain_type_id) VALUES (11, 25, 5, 10, 2, 4, 2);
INSERT INTO grain_classification (id, moisture, grain_impurity, volatiles_impurity, type, subtype, grain_type_id) VALUES (12, 25, 5, 10, 2, 5, 2);
INSERT INTO grain_classification (id, moisture, grain_impurity, volatiles_impurity, type, subtype, grain_type_id) VALUES (13, 25, 5, 10, 2, 6, 2);
INSERT INTO grain_classification (id, moisture, grain_impurity, volatiles_impurity, type, subtype, grain_type_id) VALUES (14, 25, 5, 10, 2, 7, 2);
INSERT INTO grain_classification (id, moisture, grain_impurity, volatiles_impurity, type, subtype, grain_type_id) VALUES (15, 25, 5, 10, 2, 8, 2);
INSERT INTO grain_classification (id, moisture, grain_impurity, volatiles_impurity, type, subtype, grain_type_id) VALUES (16, 25, 5, 10, 2, 9, 2);
INSERT INTO grain_classification (id, moisture, grain_impurity, volatiles_impurity, type, subtype, grain_type_id) VALUES (17, 25, 5, 15, 3, 1, 2);
INSERT INTO grain_classification (id, moisture, grain_impurity, volatiles_impurity, type, subtype, grain_type_id) VALUES (18, 25, 5, 15, 3, 2, 2);
INSERT INTO grain_classification (id, moisture, grain_impurity, volatiles_impurity, type, subtype, grain_type_id) VALUES (19, 25, 5, 15, 3, 3, 2);
INSERT INTO grain_classification (id, moisture, grain_impurity, volatiles_impurity, type, subtype, grain_type_id) VALUES (20, 25, 5, 15, 3, 4, 2);
INSERT INTO grain_classification (id, moisture, grain_impurity, volatiles_impurity, type, subtype, grain_type_id) VALUES (21, 25, 5, 15, 3, 5, 2);
INSERT INTO grain_classification (id, moisture, grain_impurity, volatiles_impurity, type, subtype, grain_type_id) VALUES (22, 25, 5, 15, 3, 6, 2);
INSERT INTO grain_classification (id, moisture, grain_impurity, volatiles_impurity, type, subtype, grain_type_id) VALUES (23, 25, 5, 15, 3, 7, 2);
INSERT INTO grain_classification (id, moisture, grain_impurity, volatiles_impurity, type, subtype, grain_type_id) VALUES (24, 25, 5, 15, 3, 8, 2);
INSERT INTO grain_classification (id, moisture, grain_impurity, volatiles_impurity, type, subtype, grain_type_id) VALUES (25, 25, 5, 15, 3, 9, 2);

INSERT INTO company (id, name, postcode, state, city, street, house, office) VALUES (1, 'ООО "Фасад-Комплект"', 309500, 'Белгородская область', 'Старый Оскол', 'улица Конева', '47', '6');
INSERT INTO company (id, name, postcode, state, city, street, house, office) VALUES (3, 'ООО "Торговый дом "Агромир"', 308007, 'Белгородская область', 'Белгород', 'улица Победы', '47', '5');
INSERT INTO company (id, name, postcode, state, city, street, house, office) VALUES (4, 'ЗАО Племзавод "Семеновский"', 425222, 'республика Марий Эл, Медведевский район', 'Кузнецово', 'улица Мира', '1', '0');
INSERT INTO company (id, name, postcode, state, city, street, house, office) VALUES (2, 'ООО "Русагро"', 308002, 'Белгородская область', 'Белгород', 'проспект Богдана Хмельницкого', '111', '0');
INSERT INTO company (id, name, postcode, state, city, street, house, office) VALUES (5, 'РосСельхоз', 304231, 'Московская область', 'Москва', 'Петровка', '38', '14');
INSERT INTO company (id, name, postcode, state, city, street, house, office) VALUES (6, 'Сельское хозяйство Спб', 465213, 'Ленинградская область', 'Санкт-Петербург', 'Гастелло', '12', '311a');

INSERT INTO grain_card (id, storage_id, customer_id, sender_id, date, process_type) VALUES (1, null, 5, 6, '2022-05-22', 'Acceptance');

INSERT INTO consignment (id, grain_card_id, model_transport, number_transport, first_name_driver, second_name_driver, middle_name_driver, trailer_number, grain_type_id, moisture, origin, nature, fall_number, color, smell, small_grains_percent, vitreous, gluten, gost_culture, filminess, contamitation, type_subtype_composition, core, bug, additional_notes, accepted_gross_weight, accepted_transport_weight, sent_gross_weight, sent_transport_weight) VALUES (1, 1, 'ВАЗ', 'к123ре', 'Иванов', 'Василий', 'Михайлович', null, null, 0, null, 0, 0, null, null, 0, 0, 0, 0, 0, 0, 0, 0, 0, null, 0, 0, 500, 400);
INSERT INTO consignment (id, grain_card_id, model_transport, number_transport, first_name_driver, second_name_driver, middle_name_driver, trailer_number, grain_type_id, moisture, origin, nature, fall_number, color, smell, small_grains_percent, vitreous, gluten, gost_culture, filminess, contamitation, type_subtype_composition, core, bug, additional_notes, accepted_gross_weight, accepted_transport_weight, sent_gross_weight, sent_transport_weight) VALUES (2, 1, 'ВАЗ', 'о694аа', 'Сидоров', 'Николай', 'Николаевич', null, null, 0, null, 0, 0, null, null, 0, 0, 0, 0, 0, 0, 0, 0, 0, null, 0, 0, 424, 300);
INSERT INTO consignment (id, grain_card_id, model_transport, number_transport, first_name_driver, second_name_driver, middle_name_driver, trailer_number, grain_type_id, moisture, origin, nature, fall_number, color, smell, small_grains_percent, vitreous, gluten, gost_culture, filminess, contamitation, type_subtype_composition, core, bug, additional_notes, accepted_gross_weight, accepted_transport_weight, sent_gross_weight, sent_transport_weight) VALUES (3, 1, 'ВАЗ', 'м065тм', 'Петров', 'Михаил', 'Викторович', null, null, 0, null, 0, 0, null, null, 0, 0, 0, 0, 0, 0, 0, 0, 0, null, 0, 0, 532, 432);
